inventoryId,sku,locationCode,locationName,quantity,reservedQty,reorderPoint,unitCost,lastCountDate,lastImportDate
INV-0001,RM-STEEL-4140,WH-A,Main Warehouse A,1240,180,500,4.85,2026-03-31,2026-04-01
INV-0002,RM-STEEL-1018,WH-A,Main Warehouse A,2100,320,800,3.20,2026-03-31,2026-04-01
INV-0003,RM-ALUM-6061,WH-A,Main Warehouse A,680,95,300,7.40,2026-03-31,2026-04-01
INV-0004,RM-ALUM-7075,WH-A,Main Warehouse A,310,40,150,12.60,2026-03-31,2026-04-01
INV-0005,RM-BRASS-360,WH-A,Main Warehouse A,420,60,200,9.15,2026-03-31,2026-04-01
INV-0006,RM-CAST-IRON,WH-A,Main Warehouse A,850,120,400,2.90,2026-03-31,2026-04-01
INV-0007,RM-NBRL-90A,WH-B,Raw Material Store B,85,10,50,22.50,2026-03-28,2026-04-01
INV-0008,RM-VITON-75A,WH-B,Raw Material Store B,42,5,30,48.00,2026-03-28,2026-04-01
INV-0009,RM-PTFE-ROD,WH-B,Raw Material Store B,68,8,40,18.75,2026-03-28,2026-04-01
INV-0010,RM-CHROME,WH-B,Raw Material Store B,35,0,20,65.00,2026-03-28,2026-04-01
INV-0011,WIP-PISTON-01,WH-C,WIP Floor Storage,28,28,20,145.00,2026-04-01,2026-04-02
INV-0012,WIP-VALVE-BODY,WH-C,WIP Floor Storage,18,15,15,87.50,2026-04-01,2026-04-02
INV-0013,WIP-SPOOL-STD,WH-C,WIP Floor Storage,34,30,25,62.00,2026-04-01,2026-04-02
INV-0014,WIP-HOUSING-P,WH-C,WIP Floor Storage,12,10,10,210.00,2026-04-01,2026-04-02
INV-0015,WIP-ROD-EXT,WH-C,WIP Floor Storage,22,20,20,95.00,2026-04-01,2026-04-02
INV-0016,FG-HV-2000,WH-D,Finished Goods Store,42,18,5,1250.00,2026-04-02,2026-04-03
INV-0017,FG-HV-3500,WH-D,Finished Goods Store,18,6,3,1890.00,2026-04-02,2026-04-03
INV-0018,FG-HV-5000,WH-D,Finished Goods Store,7,2,2,2750.00,2026-04-02,2026-04-03
INV-0019,FG-VP-100,WH-D,Finished Goods Store,22,8,4,980.00,2026-04-02,2026-04-03
INV-0020,FG-VP-200,WH-D,Finished Goods Store,11,3,3,1540.00,2026-04-02,2026-04-03
INV-0021,FG-GP-50,WH-D,Finished Goods Store,35,12,6,620.00,2026-04-02,2026-04-03
INV-0022,FG-GP-100,WH-D,Finished Goods Store,19,6,4,850.00,2026-04-02,2026-04-03
INV-0023,FG-DCV-3P,WH-D,Finished Goods Store,55,20,8,445.00,2026-04-02,2026-04-03
INV-0024,FG-DCV-2P,WH-D,Finished Goods Store,68,22,10,310.00,2026-04-02,2026-04-03
INV-0025,FG-PRV-100,WH-D,Finished Goods Store,88,25,15,185.00,2026-04-02,2026-04-03
INV-0026,FG-PRV-250,WH-D,Finished Goods Store,54,18,10,265.00,2026-04-02,2026-04-03
INV-0027,FG-FCR-10,WH-D,Finished Goods Store,92,30,20,125.00,2026-04-02,2026-04-03
INV-0028,FG-FCR-30,WH-D,Finished Goods Store,76,22,15,175.00,2026-04-02,2026-04-03
INV-0029,FG-SEAL-KIT-HV2,WH-E,Spare Parts Warehouse,145,40,30,45.00,2026-04-01,2026-04-03
INV-0030,FG-SEAL-KIT-VP1,WH-E,Spare Parts Warehouse,118,35,25,38.00,2026-04-01,2026-04-03
INV-0031,FG-SEAL-KIT-GP5,WH-E,Spare Parts Warehouse,132,38,30,28.00,2026-04-01,2026-04-03
INV-0032,FG-MTPM-100,WH-D,Finished Goods Store,4,1,1,3850.00,2026-04-02,2026-04-03
INV-0033,FG-MTPM-200,WH-D,Finished Goods Store,2,1,1,5200.00,2026-04-02,2026-04-03
INV-0034,FG-ACCUM-10,WH-E,Spare Parts Warehouse,22,8,5,520.00,2026-04-01,2026-04-03
INV-0035,FG-ACCUM-20,WH-E,Spare Parts Warehouse,14,4,3,780.00,2026-04-01,2026-04-03
INV-0036,FG-HF-10,WH-E,Spare Parts Warehouse,88,20,20,95.00,2026-04-01,2026-04-03
INV-0037,FG-HF-25,WH-E,Spare Parts Warehouse,102,25,25,75.00,2026-04-01,2026-04-03
INV-0038,FG-HOSE-1-1M,WH-E,Spare Parts Warehouse,155,45,40,42.00,2026-04-01,2026-04-03
INV-0039,FG-HOSE-1-2M,WH-E,Spare Parts Warehouse,92,28,30,68.00,2026-04-01,2026-04-03
INV-0040,FG-HOSE-1.5-1M,WH-E,Spare Parts Warehouse,78,22,25,62.00,2026-04-01,2026-04-03
INV-0041,FG-COUPLING-F,WH-E,Spare Parts Warehouse,210,50,50,22.00,2026-04-01,2026-04-03
INV-0042,FG-COUPLING-M,WH-E,Spare Parts Warehouse,225,55,50,18.00,2026-04-01,2026-04-03
INV-0043,FG-FITTING-90,WH-E,Spare Parts Warehouse,380,80,100,8.50,2026-04-01,2026-04-03
INV-0044,FG-FITTING-T,WH-E,Spare Parts Warehouse,292,65,80,11.00,2026-04-01,2026-04-03
INV-0045,FG-GAUGE-100,WH-E,Spare Parts Warehouse,68,18,30,35.00,2026-04-01,2026-04-03
INV-0046,FG-GAUGE-400,WH-E,Spare Parts Warehouse,44,10,20,48.00,2026-04-01,2026-04-03
INV-0047,FG-TEMP-SENS,WH-E,Spare Parts Warehouse,38,8,15,65.00,2026-04-01,2026-04-03
INV-0048,FG-PRESS-TRANS,WH-E,Spare Parts Warehouse,24,5,10,120.00,2026-04-01,2026-04-03
INV-0049,FG-LEVEL-IND,WH-E,Spare Parts Warehouse,52,12,25,28.00,2026-04-01,2026-04-03
INV-0050,FG-MOTOR-7.5,WH-F,Heavy Equipment Bay,8,2,3,480.00,2026-03-30,2026-04-03
INV-0051,FG-MOTOR-15,WH-F,Heavy Equipment Bay,5,1,2,780.00,2026-03-30,2026-04-03
INV-0052,RM-STEEL-4140,WH-F,Heavy Equipment Bay,280,0,0,4.85,2026-03-30,2026-04-01
INV-0053,RM-STEEL-1018,WH-F,Heavy Equipment Bay,450,0,0,3.20,2026-03-30,2026-04-01
INV-0054,FG-HV-2000,WH-F,Heavy Equipment Bay,8,4,0,1250.00,2026-03-30,2026-04-03
INV-0055,FG-HV-3500,WH-F,Heavy Equipment Bay,4,2,0,1890.00,2026-03-30,2026-04-03
INV-0056,FG-GP-50,WH-A,Main Warehouse A,12,0,0,620.00,2026-03-31,2026-04-03
INV-0057,FG-DCV-3P,WH-A,Main Warehouse A,10,0,0,445.00,2026-03-31,2026-04-03
INV-0058,FG-PRV-100,WH-A,Main Warehouse A,15,0,0,185.00,2026-03-31,2026-04-03
INV-0059,FG-SEAL-KIT-HV2,WH-A,Main Warehouse A,30,0,0,45.00,2026-03-31,2026-04-03
INV-0060,FG-HOSE-1-1M,WH-A,Main Warehouse A,25,0,0,42.00,2026-03-31,2026-04-03
INV-0061,RM-ALUM-6061,WH-B,Raw Material Store B,120,0,0,7.40,2026-03-28,2026-04-01
INV-0062,RM-BRASS-360,WH-B,Raw Material Store B,80,0,0,9.15,2026-03-28,2026-04-01
INV-0063,WIP-PISTON-01,WH-F,Heavy Equipment Bay,5,5,0,145.00,2026-04-01,2026-04-02
INV-0064,WIP-HOUSING-P,WH-F,Heavy Equipment Bay,3,3,0,210.00,2026-04-01,2026-04-02
INV-0065,FG-ACCUM-10,WH-D,Finished Goods Store,6,2,0,520.00,2026-04-02,2026-04-03
INV-0066,FG-HF-10,WH-D,Finished Goods Store,14,5,0,95.00,2026-04-02,2026-04-03
INV-0066,FG-HF-10,WH-D,Finishd Goods Store,14,5,0,95.00,2026-04-02,2026-04-03
